Titre de l'avis,Avis,Date_str,Date,Avis_clean,Langue,platform,brand,len
Tr√®s grande qualit√© de coton,"Tr√®s grande qualit√© de coton, coupe impeccable ! Sweat bien chaud pour l'hiver.",6 nov. 2025,2025-11-06,"Tr√®s grande qualit√© de coton, coupe impeccable ! Sweat bien chaud pour l'hiver.",fr,Trustpilot,Carhartt WIP,79
Un service client√®le g√©nial !,Un service client√®le g√©nial ! Je m‚Äô√©tais totalement tromp√©e dans mes coordonn√©es et Nadia a quand m√™me r√©ussi √† retrouver ma commande apr√®s une semaine de recherche ! L‚Äô√©change √©tait super agr√©able (et bien dr√¥le) merci pour votre aide incroyable !,29 oct. 2025,2025-10-29,Un service client√®le g√©nial ! Je m‚Äô√©tais totalement tromp√©e dans mes coordonn√©es et Nadia a quand m√™me r√©ussi √† retrouver ma commande apr√®s une semaine de recherche ! L‚Äô√©change √©tait super agr√©able (et bien dr√¥le) merci pour votre aide incroyable !,fr,Trustpilot,Carhartt WIP,248
Un √©change satisfaisant avec Nadia,Un √©change satisfaisant avec Nadia. Merci.,23 oct. 2025,2025-10-23,Un √©change satisfaisant avec Nadia. Merci.,fr,Trustpilot,Carhartt WIP,42
Efficacit√©,La personne que j‚Äôai contact√© m‚Äôa r√©pondu rapidement et de mani√®re efficace,21 oct. 2025,2025-10-21,La personne que j‚Äôai contact√© m‚Äôa r√©pondu rapidement et de mani√®re efficace,fr,Trustpilot,Carhartt WIP,75
Demande de facture,Merci beaucoup pour notre r√©activit√© et votre professionnalisme !! √Ä tr√®s bient√¥t. Elie,17 oct. 2025,2025-10-17,Merci beaucoup pour notre r√©activit√© et votre professionnalisme !! √Ä tr√®s bient√¥t. Elie,fr,Trustpilot,Carhartt WIP,87
Juste parfait,Nadia a r√©pondu √† mes attentes. Tr√®s professionnelle elle a su me rassurer sur ma probl√©matique.comlunication parfaite Merci,25 juil. 2025,2025-07-25,Nadia a r√©pondu √† mes attentes. Tr√®s professionnelle elle a su me rassurer sur ma probl√©matique.comlunication parfaite Merci,fr,Trustpilot,Carhartt WIP,124
Merci infiniment √† Nadia pour son aide‚Ä¶,Merci infiniment √† Nadia pour son aide et r√©activit√© !,21 juil. 2025,2025-07-21,Merci infiniment √† Nadia pour son aide et r√©activit√© !,fr,Trustpilot,Carhartt WIP,54
Tr√®s belle exp√©rience achat rapide et‚Ä¶,Tr√®s belle exp√©rience achat rapide et envoie plus que correct respect du d√©lai de livraison au top je recommande,19 juil. 2025,2025-07-19,Tr√®s belle exp√©rience achat rapide et envoie plus que correct respect du d√©lai de livraison au top je recommande,fr,Trustpilot,Carhartt WIP,112
Excellents produits,Excellents produits : qualit√© - coupe - beaux coloris Promotions lors des soldes Livraison rapide,8 juil. 2025,2025-07-08,Excellents produits : qualit√© - coupe - beaux coloris Promotions lors des soldes Livraison rapide,fr,Trustpilot,Carhartt WIP,97
Ravie,Super promotion Article conforme Livraison rapide ..,5 juil. 2025,2025-07-05,Super promotion Article conforme Livraison rapide ..,fr,Trustpilot,Carhartt WIP,52
Commande fluide & re√ßue dans les temps‚Ä¶,commande fluide er re√ßu dans les temps gr√¢ce au transporteur DPD. Par contre la livraison en boutique serait un v√©ritable plus üòâ,13 juin 2025,2025-06-13,commande fluide er re√ßu dans les temps gr√¢ce au transporteur DPD. Par contre la livraison en boutique serait un v√©ritable plus,fr,Trustpilot,Carhartt WIP,126
J'ai pass√© commande il y a 6 jours pas‚Ä¶,"J'ai pass√© commande il y a 6 jours pas de nouvelles, argent pr√©lev√© sur mon compte, pay√© par cb, je n'ai pas pu cr√©√© de compte avec email, je n'ai aucun moyen de suivre ma commande, comment faire?,??",20 mai 2025,2025-05-20,"J'ai pass√© commande il y a 6 jours pas de nouvelles, argent pr√©lev√© sur mon compte, pay√© par cb, je n'ai pas pu cr√©√© de compte avec email, je n'ai aucun moyen de suivre ma commande, comment faire?,??",fr,Trustpilot,Carhartt WIP,199
Livraison rapide,"Livraison rapide, produit de qualit√©. Que demande le peuple ?!",13 mai 2025,2025-05-13,"Livraison rapide, produit de qualit√©. Que demande le peuple ?!",fr,Trustpilot,Carhartt WIP,62
Parfait !,"Choix, envoie rapide et bien sure la qualit√© !",14 avr. 2025,2025-04-14,"Choix, envoie rapide et bien sure la qualit√© !",fr,Trustpilot,Carhartt WIP,46
Belles promotions,"Belles promotions, excellente qualit√© et envoi rapide. Merci ‚ò∫Ô∏è",25 f√©vr. 2025,2025-02-25,"Belles promotions, excellente qualit√© et envoi rapide. Merci ‚ò∫Ô∏è",fr,Trustpilot,Carhartt WIP,63
10 jours pour recevoir une commande‚Ä¶ T-shirt d√©cousu...,"10 jours pour recevoir une commande pendant les soldes, un peu long en 2025 non ? Comme pour beaucoup d'autres, argent d√©bit√© mais aucune confirmation, pas un mail, rien. Puis apr√®s r√©clamation, on me r√©pond enfin qu'il est indiqu√© sur le site que les d√©lais ne sont pas assur√©s pendant cette p√©riode, soit ! ... Mais que dire quand on ach√®te ""plein pot"" (39‚Ç¨) un t-shirt ""Chase"" blanc fabriqu√© au Bangladesh, qui apr√®s 2 lavages se d√©coud au niveau de la jonction du col de fa√ßon bien visible ?! ... L√† par contre, personne ne vous r√©pond apr√®s votre r√©clamation, donc on prend les clients pour des imb√©ciles et ce n'est pas tol√©rable, dommage mais Carhartt WIP c'est termin√© pour ma part.",22 f√©vr. 2025,2025-02-22,"10 jours pour recevoir une commande pendant les soldes, un peu long en 2025 non ? Comme pour beaucoup d'autres, argent d√©bit√© mais aucune confirmation, pas un mail, rien. Puis apr√®s r√©clamation, on me r√©pond enfin qu'il est indiqu√© sur le site que les d√©lais ne sont pas assur√©s pendant cette p√©riode, soit ! ... Mais que dire quand on ach√®te ""plein pot"" (39‚Ç¨) un t-shirt ""Chase"" blanc fabriqu√© au Bangladesh, qui apr√®s 2 lavages se d√©coud au niveau de la jonction du col de fa√ßon bien visible ?! ... L√† par contre, personne ne vous r√©pond apr√®s votre r√©clamation, donc on prend les clients pour des imb√©ciles et ce n'est pas tol√©rable, dommage mais Carhartt WIP c'est termin√© pour ma part.",fr,Trustpilot,Carhartt WIP,690
Impeccable !,"J'ai envoy√© un mail √† l'√©quipe pour conna√Ætre les dimensions de la derni√®re Detroit Jacket, j'ai eu une r√©ponse rapidement. J'ai command√© la veste, qui est arriv√© en 48h. Et cette veste est magnifique avec coupe parfaite, alors 5 √©toiles !",20 f√©vr. 2025,2025-02-20,"J'ai envoy√© un mail √† l'√©quipe pour conna√Ætre les dimensions de la derni√®re Detroit Jacket, j'ai eu une r√©ponse rapidement. J'ai command√© la veste, qui est arriv√© en 48h. Et cette veste est magnifique avec coupe parfaite, alors 5 √©toiles !",fr,Trustpilot,Carhartt WIP,239
Un service client de grande qualit√©,"Mon colis a √©t√© visiblement vol√© par le livreur qui s'est permis de signer √† ma place. J'ai eu tr√®s peu d'aide de la soci√©t√© de livraison, je n'ai pu compter que sur Carhartt et son service client qui m'a tenu inform√© et qui a suivi mon dossier jusqu'√† sa r√©solution. Ils ont proc√©d√© au remboursement de mon colis.",11 f√©vr. 2025,2025-02-11,"Mon colis a √©t√© visiblement vol√© par le livreur qui s'est permis de signer √† ma place. J'ai eu tr√®s peu d'aide de la soci√©t√© de livraison, je n'ai pu compter que sur Carhartt et son service client qui m'a tenu inform√© et qui a suivi mon dossier jusqu'√† sa r√©solution. Ils ont proc√©d√© au remboursement de mon colis.",fr,Trustpilot,Carhartt WIP,314
Produit achet√© et encaiss√© le 08/01‚Ä¶,"Produit achet√© et encaiss√© le 08/01 livraison par DPD et depuis toujours pas de produit livr√©,le 16/01le livreur m'envoie une photo d'une adresse qui n'est pas la mienne et soit disant le colis est livr√©, j'ai remplit un document indiquant sur l'honneur que je n'ai pas √©t√© livr√© et Carhartt fait trainer et ne veut pas me rembourser.",5 f√©vr. 2025,2025-02-05,"Produit achet√© et encaiss√© le 08/01 livraison par DPD et depuis toujours pas de produit livr√©,le 16/01le livreur m'envoie une photo d'une adresse qui n'est pas la mienne et soit disant le colis est livr√©, j'ai remplit un document indiquant sur l'honneur que je n'ai pas √©t√© livr√© et Carhartt fait trainer et ne veut pas me rembourser.",fr,Trustpilot,Carhartt WIP,334
,"Beaux produits , abordables et livraison rapide",2 f√©vr. 2025,2025-02-02,"Beaux produits , abordables et livraison rapide",fr,Trustpilot,Carhartt WIP,47
,Site s√©rieux..... emballage top üëç tr√®s belle transition,31 janv. 2025,2025-01-31,Site s√©rieux..... emballage top tr√®s belle transition,fr,Trustpilot,Carhartt WIP,53
,"Le colis est bien arriv√©, en l‚Äô√©tat, avec un peu de retard, mais tout s‚Äôest bien pass√©, les mails de suivis de colis ont tous √©taient bien envoy√© ! parfait merci je recommande",29 janv. 2025,2025-01-29,"Le colis est bien arriv√©, en l‚Äô√©tat, avec un peu de retard, mais tout s‚Äôest bien pass√©, les mails de suivis de colis ont tous √©taient bien envoy√© ! parfait merci je recommande",fr,Trustpilot,Carhartt WIP,175
,Merci √† Nadia pour sa r√©activit√© !,9 janv. 2025,2025-01-09,Merci √† Nadia pour sa r√©activit√© !,fr,Trustpilot,Carhartt WIP,34
,"J‚Äôai eu un souci de livraison, tout s‚Äôest bien pass√©, super service et tr√®s rapide,j‚Äôai √©t√© rembours√© tr√®s rapidement. Tr√®s bon contact et tr√®s bon √©change.
Je recommande √† fond üëçüëçüëçüëçüëç",3 janv. 2025,2025-01-03,"J‚Äôai eu un souci de livraison, tout s‚Äôest bien pass√©, super service et tr√®s rapide,j‚Äôai √©t√© rembours√© tr√®s rapidement. Tr√®s bon contact et tr√®s bon √©change. Je recommande √† fond",fr,Trustpilot,Carhartt WIP,177
,"Commande simple ,envoi rapide, SMS pour pr√©venir de l'horaire de livraison ( amplitude de 2 heures)Article conforme √† la commande de tr√®s bonne qualit√© .Parfait",26 d√©c. 2024,2024-12-26,"Commande simple ,envoi rapide, SMS pour pr√©venir de l'horaire de livraison ( amplitude de 2 heures)Article conforme √† la commande de tr√®s bonne qualit√© .Parfait",fr,Trustpilot,Carhartt WIP,160
,Superbe la communication et les √©changes avec le service commercial. Ils ont √©t√© tr√®s r√©actifs face un probl√®me que j'ai eu de livraison. Bravo !,17 d√©c. 2024,2024-12-17,Superbe la communication et les √©changes avec le service commercial. Ils ont √©t√© tr√®s r√©actifs face un probl√®me que j'ai eu de livraison. Bravo !,fr,Trustpilot,Carhartt WIP,145
,"Livraison rapide et en bon √©tat 
Tr√®s satisfaite de ma commande",17 d√©c. 2024,2024-12-17,Livraison rapide et en bon √©tat Tr√®s satisfaite de ma commande,fr,Trustpilot,Carhartt WIP,62
,"Une commande parfaite pour un cadeau de No√´l parfait !
Un service commercial au top !
Merci Nadia",17 d√©c. 2024,2024-12-17,Une commande parfaite pour un cadeau de No√´l parfait ! Un service commercial au top ! Merci Nadia,fr,Trustpilot,Carhartt WIP,97
,"Une marque qui se renouvelle, avec un design moderne et une qualit√© de produit tr√®s bonne - un bon rapport qualit√© prix - on ne se lasse jamais d un sweat Carhartt",16 d√©c. 2024,2024-12-16,"Une marque qui se renouvelle, avec un design moderne et une qualit√© de produit tr√®s bonne - un bon rapport qualit√© prix - on ne se lasse jamais d un sweat Carhartt",fr,Trustpilot,Carhartt WIP,163
,En tout point parfait de la commande sur site au produit a sa livraison,11 d√©c. 2024,2024-12-11,En tout point parfait de la commande sur site au produit a sa livraison,fr,Trustpilot,Carhartt WIP,71
,Marque de qualit√©..√† prix raisonnables..merci,10 d√©c. 2024,2024-12-10,Marque de qualit√©..√† prix raisonnables..merci,fr,Trustpilot,Carhartt WIP,45
,"Commande trait√©e rapidement,envoi soign√©,article de qualit√©",8 d√©c. 2024,2024-12-08,"Commande trait√©e rapidement,envoi soign√©,article de qualit√©",fr,Trustpilot,Carhartt WIP,59
SAV client,La p√¢te d'arr√™t de fermeture √©clair de mon pantalon neuf s'√©tait cass√©. J'ai contact√© le service client qui a pris en charge la r√©paration par un couturier aupr√®s de qui j'ai d√©pos√© mon pantalon. Tous nos √©changes jusqu'au remboursement ce sont d√©roul√©s sans soucis. Et toujours avec un mail de suivi. C'est rassurant d'avoir un service aux client de cette qualit√©. Tout comme leur gamme de v√™tements que j'appr√©cie fortement. Je recommande CARHARTT : absolument !,,,La p√¢te d'arr√™t de fermeture √©clair de mon pantalon neuf s'√©tait cass√©. J'ai contact√© le service client qui a pris en charge la r√©paration par un couturier aupr√®s de qui j'ai d√©pos√© mon pantalon. Tous nos √©changes jusqu'au remboursement ce sont d√©roul√©s sans soucis. Et toujours avec un mail de suivi. C'est rassurant d'avoir un service aux client de cette qualit√©. Tout comme leur gamme de v√™tements que j'appr√©cie fortement. Je recommande CARHARTT : absolument !,fr,Trustpilot,Carhartt WIP,464
